epoch,appId,stNum,sqNum
1763833800788118,1000,1,589
1763833801791687,1000,1,590
1763833802795280,1000,1,591
1763833803798829,1000,1,592
1763833804802382,1000,1,593
1763833805805907,1000,1,594
1763833806809506,1000,1,595
1763833807813156,1000,1,596
1763833808816805,1000,1,597
1763833809820437,1000,1,598
1763833810823978,1000,1,599
1763833811827613,1000,1,600
1763833812831211,1000,1,601
1763833813834756,1000,1,602
1763833814839381,1000,1,603
1763833815842885,1000,1,604
1763833816846484,1000,1,605
1763833817850088,1000,1,606
1763833818853863,1000,1,607
1763833819858525,1000,1,608
1763833820861920,1000,1,609
1763833821865677,1000,1,610
1763833822869494,1000,1,611
1763833823873047,1000,1,612
1763833824877975,1000,1,613
1763833825881630,1000,1,614
1763833826885190,1000,1,615
1763833827888783,1000,1,616
1763833828892364,1000,1,617
1763833829897480,1000,1,618
1763833830901055,1000,1,619
1763833831901725,1000,1,620
1763833832903108,1000,1,621
1763833833906730,1000,1,622
1763833834911263,1000,1,623
1763833835914633,1000,1,624
1763833836918107,1000,1,625
1763833837921704,1000,1,626
1763833838925263,1000,1,627
1763833839928836,1000,1,628
1763833840932640,1000,1,629
1763833841936032,1000,1,630
1763833842939530,1000,1,631
1763833843943093,1000,1,632
1763833844946660,1000,1,633
1763833845950279,1000,1,634
1763833846953798,1000,1,635
1763833847957339,1000,1,636
1763833848960954,1000,1,637
1763833849964774,1000,1,638
1763833850968425,1000,1,639
1763833851972191,1000,1,640
1763833852975756,1000,1,641
1763833853979300,1000,1,642
1763833854982846,1000,1,643
1763833855986382,1000,1,644
1763833856989930,1000,1,645
1763833857993496,1000,1,646
1763833858997256,1000,1,647
1763833860000708,1000,1,648
